PlantNumber,Taxon,Vernacular,BgLocation,GardenGrid,GardenSubGrid,BgLatitude,BgLongitude
266-2017*1,Ulmus davidiana 'JFS KW2UD',Father David's Elm,Ulmaceae,W-50,85-34,41.8173520000,-88.0697260000
182-2017*5,Ulmus davidiana var. japonica 'Morton',Japanese Elm,Ulmaceae,V-52,86-02,41.8170940000,-88.0691000000
46-95*2,Ulmus castaneifolia,Chestnut-leaved Elm,Ulmaceae,Y-52,00-70,41.8176880000,-88.0688760000
585-2006*3,Ulmus harbinensis,Harbin Elm,Ulmaceae,Y-52,71-11,41.8178770000,-88.0691010000
48-86*1,Ulmus parvifolia,Lacebark Elm,Ulmaceae,X-50,51-31,41.8175310000,-88.0697460000
213-2012*1,Ulmus davidiana var. japonica 'Prospector',Prospector Japanese Elm,Ulmaceae,Z-53,12-82,41.8180050000,-88.0684790000
206-2008*3,Ulmus hollandica 'Pioneer',Pioneer Netherland Elm,Ulmaceae,Z-52,46-66,41.8180880000,-88.0689080000
22-2008*3,Ulmus davidiana var. japonica 'Validation',Validation Japanese Elm,Ulmaceae,U-53,04-48,41.8166090000,-88.0685410000
591-54*1,Ulmus glabra,Scots Elm,Ulmaceae,X-50,00-45,41.8173930000,-88.0696880000
495-2004*6,Ulmus davidiana var. japonica 'Morton',Japanese Elm,Ulmaceae,X-49,12-14,41.8174130000,-88.0701700000
44-95*2,Ulmus bergmanniana,Bergmann's Elm,Ulmaceae,X-52,80-93,41.8176350000,-88.0687890000
1053-28*1,Ulmus americana,American Elm,Ulmaceae,W-52,55-75,41.8172910000,-88.0688400000
44-95*3,Ulmus bergmanniana,Bergmann's Elm,Ulmaceae,W-51,46-91,41.8172580000,-88.0691460000
400-2013*2,Ulmus pumila × rubra,Siberian-slippery Elm Hybrid,Ulmaceae,Z-54,29-68,41.8180600000,-88.0681670000
362-2006*1,Ulmus microcarpa,Small-fruited Elm,Ulmaceae,U-50,64-48,41.8167460000,-88.0696480000
198-2013*1,Ulmus thomasii,Rock Elm,Ulmaceae,U-54,80-991,41.8168310000,-88.0679980000
196-2011*1,Ulmus elongata,Long-seeded Elm,Ulmaceae,X-52,85-41,41.8176440000,-88.0689800000
756-60*1,Ulmus procera,English Elm,Ulmaceae,U-51,65-15,41.8167550000,-88.0694030000
398-2013*3,Ulmus davidiana var. japonica × minor,Japanese-European Field Hybrid Elm,Ulmaceae,X-55,59-48,41.8176010000,-88.0678520000
53-95*2,Ulmus szechuanica,Sichuan Elm,Ulmaceae,W-52,64-19,41.8173100000,-88.0690460000
317-90*1,Ulmus lamellosa,Hebei Elm,Ulmaceae,V-52,60-74,41.8170300000,-88.0688320000
201-2013*1,Ulmus thomasii,Rock Elm,Ulmaceae,V-55,33-42,41.8169800000,-88.0678440000
398-2013*2,Ulmus davidiana var. japonica × minor,Japanese-European Field Hybrid Elm,Ulmaceae,X-55,54-81,41.8175900000,-88.0677320000
128-2008*1,Ulmus chenmoui,Chenmou Elm,Ulmaceae,Z-51,22-79,41.8180140000,-88.0692240000
181-84*2,Ulmus davidiana var. japonica,Japanese Elm,Ulmaceae,U-52,27-26,41.8166610000,-88.0689910000
883-55*2,Ulmus pumila 'Dropmore',Dropmore Siberian Elm,Ulmaceae,W-53,55-95,41.8173020000,-88.0684000000
568-2015*2,Ulmus hollandica 'Major',Major Netherland Elm,Ulmaceae,W-57,74-10,41.8173830000,-88.0672490000
338-46*1,Ulmus hollandica 'Major',Major Netherland Elm,Ulmaceae,Y-50,99-94,41.8179430000,-88.0695330000
446-2007*2,Ulmus macrocarpa var. macrocarpa,Big-fruited Elm,Ulmaceae,W-50,48-36,41.8172490000,-88.0697150000
173-2004*3,Ulmus parvifolia 'Garden City',Garden City Lacebark Elm,Ulmaceae,U-53,54-13,41.8167430000,-88.0686760000
179-84*5,Ulmus macrocarpa,Large-fruited Elm,Ulmaceae,Y-51,24-27,41.8177400000,-88.0694030000
12-2013*4,Ulmus pseudopropinqua,False Corkbark Elm,Ulmaceae,V-53,95-09,41.8171280000,-88.0687070000
495-2004*4,Ulmus davidiana var. japonica 'Morton',Japanese Elm,Ulmaceae,V-49,94-72,41.8170950000,-88.0699430000
287-47*2,Ulmus pumila × rubra,Siberian-slippery Elm Hybrid,Ulmaceae,Y-52,65-80,41.8178670000,-88.0688470000
52-95*4,Ulmus mesocarpa,Japanese-bigfruit Hybrid Elm,Ulmaceae,V-51,88-53,41.8170950000,-88.0692790000
11-2013*2,Ulmus davidiana var. japonica,Japanese Elm,Ulmaceae,W-55,86-71,41.8174040000,-88.0677570000
4-2004*1,Ulmus 'Morton Plainsman',Elm,Ulmaceae,Z-53,86-05,41.8182010000,-88.0687700000
476-2006*5,Ulmus parvifolia,Lacebark Elm,Ulmaceae,Y-55,95-04,41.8179700000,-88.0680300000
49-95*5,Ulmus gaussenii,Anhui Elm,Ulmaceae,W-50,01-17,41.8171180000,-88.0697790000
272-2007*2,Ulmus serotina,September Elm,Ulmaceae,Z-54,63-03,41.8181470000,-88.0684080000
678-70*1,Ulmus americana f. pendula,Weeping American Elm,Ulmaceae,V-53,48-66,41.8170060000,-88.0684930000
19-2008*6,Ulmus prunifolia,Plum-leaved Elm,Ulmaceae,Y-56,53-16,41.8178650000,-88.0676140000
634-2006*1,Ulmus parvifolia 'Hallelujah',Hallelujah Lacebark Elm,Ulmaceae,X-49,23-53,41.8174470000,-88.0700280000
568-2015*3,Ulmus hollandica 'Major',Major Netherland Elm,Ulmaceae,X-57,04-48,41.8174680000,-88.0671130000
22-2008*1,Ulmus davidiana var. japonica 'Validation',Validation Japanese Elm,Ulmaceae,U-51,45-31,41.8167010000,-88.0693420000
22-2008*2,Ulmus davidiana var. japonica 'Validation',Validation Japanese Elm,Ulmaceae,U-51,88-44,41.8168200000,-88.0692990000
206-2008*2,Ulmus hollandica 'Pioneer',Pioneer Netherland Elm,Ulmaceae,Z-52,27-38,41.8180330000,-88.0690090000
286-95*2,Ulmus macrocarpa,Large-fruited Elm,Ulmaceae,W-52,28-29,41.8172120000,-88.0690050000
50-95*4,Ulmus laciniata,Manchurian Elm,Ulmaceae,X-52,57-35,41.8175670000,-88.0689990000
50-95*1,Ulmus laciniata,Manchurian Elm,Ulmaceae,X-52,71-09,41.8176020000,-88.0690960000
12-2013*5,Ulmus pseudopropinqua,False Corkbark Elm,Ulmaceae,W-53,15-39,41.8171870000,-88.0685980000
17-2008*3,Ulmus japonica × wilsoniana,,Ulmaceae,Y-56,34-79,41.8178190000,-88.0673810000
398-2013*1,Ulmus davidiana var. japonica × minor,Japanese-European Field Hybrid Elm,Ulmaceae,X-55,23-77,41.8175050000,-88.0677420000
199-2013*3,Ulmus thomasii,Rock Elm,Ulmaceae,X-57,89-62,41.8177020000,-88.0670730000
587-2006*1,Ulmus pseudopropinqua,False Corkbark Elm,Ulmaceae,U-50,21-44,41.8166270000,-88.0696580000
652-62*1,Ulmus hollandica 'Rugosa Pendula',Rugosa Weeping Netherland Elm,Ulmaceae,X-51,63-66,41.8175770000,-88.0692520000
395-2013*2,Ulmus androssowii × pumila,Androssow-Siberian Elm Hybrid,Ulmaceae,V-55,85-70,41.8171250000,-88.0677500000
1114-25*1,Ulmus hollandica 'Major',Major Netherland Elm,Ulmaceae,Z-51,00-30,41.8179490000,-88.0694010000
29-2007*1,Ulmus hollandica 'Groeneveld',Groeneveld Netherland Elm,Ulmaceae,Y-50,15-74,41.8177110000,-88.0695960000
17-2008*2,Ulmus japonica × wilsoniana,,Ulmaceae,Y-56,14-18,41.8177580000,-88.0676020000
635-2006*1,Ulmus parvifolia 'Hallelujah',Hallelujah Lacebark Elm,Ulmaceae,T-50,92-67,41.8165500000,-88.0695700000
4-2004*3,Ulmus 'Morton Plainsman',Elm,Ulmaceae,AA-53,23-22,41.8183040000,-88.0687130000
60-2003*1,Ulmus 'Morton Red Tip',Elm,Ulmaceae,U-51,43-96,41.8167020000,-88.0691030000
44-95*4,Ulmus bergmanniana,Bergmann's Elm,Ulmaceae,W-51,15-93,41.8171730000,-88.0691350000
446-2007*1,Ulmus macrocarpa var. macrocarpa,Big-fruited Elm,Ulmaceae,W-49,69-90,41.8173020000,-88.0698860000
1053-28*2,Ulmus americana,American Elm,Ulmaceae,W-53,64-08,41.8173180000,-88.0687200000
29-2007*2,Ulmus hollandica 'Groeneveld',Groeneveld Netherland Elm,Ulmaceae,Y-50,40-97,41.8177810000,-88.0695150000
52-75*1,Ulmus davidiana var. japonica,Japanese Elm,Ulmaceae,X-52,54-69,41.8175610000,-88.0688740000
183-84*1,Ulmus davidiana var. japonica,Japanese Elm,Ulmaceae,W-55,58-20,41.8173220000,-88.0679420000
588-2006*1,Ulmus microcarpa,Small-fruited Elm,Ulmaceae,U-51,43-60,41.8166980000,-88.0692350000
176-2004*3,Ulmus 'Morton Plainsman' × parvifolia,elm,Ulmaceae,U-51,11-26,41.8166080000,-88.0693560000
51-95*1,Ulmus lamellosa,Hebei Elm,Ulmaceae,V-54,92-99,41.8171390000,-88.0680110000
106-2011*1,Ulmus thomasii,Rock Elm,Ulmaceae,V-50,63-59,41.8170210000,-88.0696250000
45-95*1,Ulmus bergmanniana var. lasiophylla,Hairy-leaved Bergmann's Elm,Ulmaceae,X-51,98-75,41.8176730000,-88.0692240000
51-96*1,Ulmus davidiana var. japonica,Japanese Elm,Ulmaceae,U-51,15-82,41.8166240000,-88.0691510000
429-2008*4,Ulmus glaucescens,Gansu Elm,Ulmaceae,Y-53,97-41,41.8179600000,-88.0686280000
205-2008*2,Ulmus 'Cathedral',Cathedral Elm,Ulmaceae,T-55,32-14,41.8164270000,-88.0679240000
589-54*2,Ulmus macrocarpa,Large-fruited Elm,Ulmaceae,W-55,15-15,41.8172030000,-88.0679550000
116-96*1,Ulmus alata,Winged Elm,Ulmaceae,W-50,19-67,41.8171720000,-88.0695980000
585-2006*1,Ulmus harbinensis,Harbin Elm,Ulmaceae,Y-52,45-15,41.8178060000,-88.0690830000
181-76*1,Ulmus glabra,Scots Elm,Ulmaceae,U-53,32-03,41.8166820000,-88.0687100000
19-2008*4,Ulmus prunifolia,Plum-leaved Elm,Ulmaceae,Y-55,50-56,41.8178510000,-88.0678340000
122-2001*3,Ulmus 'Patriot',Patriot Elm,Ulmaceae,U-53,07-25,41.8166150000,-88.0686260000
553-2001*4,Ulmus glabra,Scots Elm,Ulmaceae,T-51,92-96,41.8165620000,-88.0690970000
198-2013*2,Ulmus thomasii,Rock Elm,Ulmaceae,V-54,32-48,41.8169690000,-88.0681920000
591-22*1,Ulmus minor 'Sarniensis',Jersey Elm,Ulmaceae,X-50,40-00,41.8174980000,-88.0698580000
535-49*3,Ulmus hollandica 'Klemmer',Klemmer Netherland Elm,Ulmaceae,W-51,39-36,41.8172340000,-88.0693470000
604-25*1,Ulmus americana,American Elm,Ulmaceae,X-52,10-85,41.8174420000,-88.0688100000
585-2006*2,Ulmus harbinensis,Harbin Elm,Ulmaceae,Y-52,63-46,41.8178580000,-88.0689720000
117-96*2,Ulmus minor,European Field Elm,Ulmaceae,W-51,26-07,41.8171950000,-88.0694520000
535-49*2,Ulmus hollandica 'Klemmer',Klemmer Netherland Elm,Ulmaceae,V-51,65-25,41.8170300000,-88.0693780000
1457-24*2,Ulmus hollandica 'Belgica',Belgian Elm,Ulmaceae,Y-51,85-15,41.8179060000,-88.0694540000
15-2008*1,Ulmus gaussenii,Anhui Elm,Ulmaceae,V-53,35-01,41.8169640000,-88.0687300000
205-2008*3,Ulmus 'Cathedral',Cathedral Elm,Ulmaceae,T-55,92-58,41.8165960000,-88.0677700000
272-2007*3,Ulmus serotina,September Elm,Ulmaceae,Z-54,91-03,41.8182240000,-88.0684120000
272-2007*1,Ulmus serotina,September Elm,Ulmaceae,Z-53,70-75,41.8181640000,-88.0685120000
593-22*2,Ulmus procera 'Purpurea',Purple-leaved English Elm,Ulmaceae,X-51,21-40,41.8174590000,-88.0693430000
178-84*3,Ulmus thomasii,Rock Elm,Ulmaceae,X-52,36-12,41.8175070000,-88.0690810000
395-2013*3,Ulmus androssowii × pumila,Androssow-Siberian Elm Hybrid,Ulmaceae,V-56,90-21,41.8171440000,-88.0675640000
201-2013*3,Ulmus thomasii,Rock Elm,Ulmaceae,Y-55,33-93,41.8178090000,-88.0676970000
883-55*1,Ulmus pumila 'Dropmore',Dropmore Siberian Elm,Ulmaceae,U-50,35-95,41.8166700000,-88.0694720000
50-96*1,Ulmus 'Morton Red Tip',Elm,Ulmaceae,W-51,80-82,41.8173500000,-88.0691840000
27-98*1,Ulmus laevis,Russian Elm,Ulmaceae,V-50,81-39,41.8170660000,-88.0696960000
206-2008*4,Ulmus hollandica 'Pioneer',Pioneer Netherland Elm,Ulmaceae,Y-50,64-90,41.8178460000,-88.0695430000
11-2008*2,Ulmus changii,Chang's Elm,Ulmaceae,Z-55,22-42,41.8180480000,-88.0678940000
593-30*2,Ulmus hollandica 'Vegeta',Vegeta Netherland Elm,Ulmaceae,X-51,19-02,41.8174500000,-88.0694820000
18-2008*1,Ulmus lamellosa,Hebei Elm,Ulmaceae,U-50,75-76,41.8167780000,-88.0695470000
1457-24*1,Ulmus hollandica 'Belgica',Belgian Elm,Ulmaceae,Y-51,50-40,41.8178130000,-88.0693580000
199-2013*1,Ulmus thomasii,Rock Elm,Ulmaceae,X-56,95-95,41.8177120000,-88.0673170000
429-84*3,Ulmus szechuanica,Sichuan Elm,Ulmaceae,V-53,28-91,41.8169530000,-88.0683990000
400-2013*1,Ulmus pumila × rubra,Siberian-slippery Elm Hybrid,Ulmaceae,Z-54,14-89,41.8180210000,-88.0680860000
76-72*1,Ulmus hollandica 'Groeneveld',Groeneveld Netherland Elm,Ulmaceae,U-50,10-60,41.8165990000,-88.0695980000
128-2008*2,Ulmus chenmoui,Chenmou Elm,Ulmaceae,Z-52,49-28,41.8180920000,-88.0690480000
117-96*3,Ulmus minor,European Field Elm,Ulmaceae,W-51,54-10,41.8172720000,-88.0694440000
46-95*4,Ulmus castaneifolia,Chestnut-leaved Elm,Ulmaceae,V-52,87-45,41.8171010000,-88.0689410000
1457-24*3,Ulmus hollandica 'Belgica',Belgian Elm,Ulmaceae,Y-51,85-75,41.8179120000,-88.0692340000
19-2008*5,Ulmus prunifolia,Plum-leaved Elm,Ulmaceae,Y-55,76-18,41.8179190000,-88.0679760000
46-95*1,Ulmus castaneifolia,Chestnut-leaved Elm,Ulmaceae,W-54,33-75,41.8172490000,-88.0681040000
206-2008*1,Ulmus hollandica 'Pioneer',Pioneer Netherland Elm,Ulmaceae,Z-52,26-94,41.8180350000,-88.0688030000
22-2008*4,Ulmus davidiana var. japonica 'Validation',Validation Japanese Elm,Ulmaceae,V-52,38-32,41.8169670000,-88.0689820000
385-68*1,Ulmus crassifolia,Cedar Elm,Ulmaceae,Y-52,10-05,41.8177090000,-88.0691150000
14-2008*1,Ulmus gaussenii,Anhui Elm,Ulmaceae,U-53,57-55,41.8167550000,-88.0685220000
537-76*3,Ulmus glaucescens var. lasiocarpa,Gansu Elm,Ulmaceae,V-54,94-48,41.8171390000,-88.0681980000
214-2012*1,Ulmus americana 'Valley Forge',Valley Forge American Elm,Ulmaceae,W-50,57-82,41.8172780000,-88.0695470000
201-2013*2,Ulmus thomasii,Rock Elm,Ulmaceae,X-56,53-01,41.8175890000,-88.0676580000
805-56*3,Ulmus minor × pumila,Field-siberian Elm Hybrid,Ulmaceae,Y-52,95-50,41.8179460000,-88.0689610000
18-2008*3,Ulmus lamellosa,Hebei Elm,Ulmaceae,Z-53,20-50,41.8180240000,-88.0685970000
116-96*2,Ulmus alata,Winged Elm,Ulmaceae,X-51,08-95,41.8174280000,-88.0691390000
568-2015*1,Ulmus hollandica 'Major',Major Netherland Elm,Ulmaceae,W-57,40-10,41.8172890000,-88.0672420000
395-2013*1,Ulmus androssowii × pumila,Androssow-Siberian Elm Hybrid,Ulmaceae,V-55,79-31,41.8171060000,-88.0678920000
180-84*1,Ulmus laciniata var. nikkoensis,Nikko Elm,Ulmaceae,U-52,69-15,41.8167750000,-88.0690370000
268-2008*1,Ulmus americana 'Valley Forge',Valley Forge American Elm,Ulmaceae,T-51,51-99,41.8164500000,-88.0690810000
1043-41*1,Ulmus minor 'Sarniensis',Jersey Elm,Ulmaceae,X-51,80-22,41.8176190000,-88.0694160000
173-2004*2,Ulmus parvifolia 'Garden City',Garden City Lacebark Elm,Ulmaceae,U-53,29-26,41.8166750000,-88.0686250000
1463-24*1,Ulmus minor,European Field Elm,Ulmaceae,X-50,95-47,41.8176530000,-88.0696930000
11-2013*1,Ulmus davidiana var. japonica,Japanese Elm,Ulmaceae,W-55,82-42,41.8173900000,-88.0678650000
52-96*1,Ulmus parvifolia,Lacebark Elm,Ulmaceae,Y-52,14-36,41.8177230000,-88.0690020000
196-2011*2,Ulmus elongata,Long-seeded Elm,Ulmaceae,Y-53,11-02,41.8177210000,-88.0687600000
349-2007*1,Ulmus minor,European Field Elm,Ulmaceae,V-54,85-07,41.8171110000,-88.0683470000
181-84*1,Ulmus davidiana var. japonica,Japanese Elm,Ulmaceae,U-51,79-77,41.8167990000,-88.0691770000
205-2008*1,Ulmus 'Cathedral',Cathedral Elm,Ulmaceae,T-54,57-67,41.8164910000,-88.0680990000
495-2004*5,Ulmus davidiana var. japonica 'Morton',Japanese Elm,Ulmaceae,W-49,62-40,41.8172790000,-88.0700680000
178-84*1,Ulmus thomasii,Rock Elm,Ulmaceae,W-52,98-26,41.8174040000,-88.0690250000
589-54*3,Ulmus macrocarpa,Large-fruited Elm,Ulmaceae,Y-52,25-70,41.8177560000,-88.0688790000
212-2004*1,Ulmus 'Morton Glossy',Elm,Ulmaceae,V-50,82-79,41.8170720000,-88.0695490000
400-2013*3,Ulmus pumila × rubra,Siberian-slippery Elm Hybrid,Ulmaceae,Z-54,42-51,41.8180940000,-88.0682290000
266-2017*2,Ulmus davidiana 'JFS KW2UD',Father David's Elm,Ulmaceae,Y-55,88-58,41.8179540000,-88.0678310000
6-2014*1,Ulmus parvifolia 'Glory',Glory Lacebark Elm,Ulmaceae,X-57,69-92,41.8176500000,-88.0669570000
199-2013*2,Ulmus thomasii,Rock Elm,Ulmaceae,X-57,79-29,41.8176720000,-88.0671920000
61-2003*1,Ulmus davidiana var. japonica 'Prospector',Prospector Japanese Elm,Ulmaceae,T-54,92-89,41.8165890000,-88.0680230000
991-27*1,Ulmus parvifolia,Lacebark Elm,Ulmaceae,Z-52,00-10,41.8179560000,-88.0691080000
476-2006*4,Ulmus parvifolia,Lacebark Elm,Ulmaceae,Y-54,51-90,41.8178480000,-88.0680760000
12-2013*3,Ulmus pseudopropinqua,False Corkbark Elm,Ulmaceae,V-53,88-44,41.8171140000,-88.0685800000
14-86*3,Ulmus crassifolia,Cedar Elm,Ulmaceae,X-51,29-80,41.8174850000,-88.0691970000
429-2008*5,Ulmus glaucescens,Gansu Elm,Ulmaceae,Y-54,97-67,41.8179720000,-88.0681660000
52-95*5,Ulmus mesocarpa,Japanese-bigfruit Hybrid Elm,Ulmaceae,V-51,54-66,41.8170030000,-88.0692270000
11-2013*3,Ulmus davidiana var. japonica,Japanese Elm,Ulmaceae,W-56,19-05,41.8172240000,-88.0676260000